1776757132325	kuke_test	kukecrms.exchange.business.delay	kukecrms.key.business.customer_delay	fde5ef5dac7848599b46e87b40964174	1776749878	eyJldmVudCI6ImN1c3RvbWVyX2RlbGF5X21pZ3JhdGlvbl90ZXN0IiwiaW5kZXgiOjUsImNyZWF0ZWRfYXRfbXMiOjE3NzY3NDk4Nzg4NTcsImV4cGVjdGVkX2ZpcmVfYXRfbXMiOjE3NzY3NTcxMzIwNTUsInRyYWNlX2lkIjoiZmRlNWVmNWRhYzc4NDg1OTliNDZlODdiNDA5NjQxNzQiLCJyZW1hcmsiOiJnZW5lcmF0ZWQtYnktc2VuZF9kZWxheWVkX21lc3NhZ2VzLnB5In0=	g2wAAAABaANtAAAAB3gtZGVsYXlkAAlzaWduZWRpbnRiAG6szmo=	g2gPZAAHUF9iYXNpY20AAAAQYXBwbGljYXRpb24vanNvbm0AAAAFdXRmLThsAAAAAWgDbQAAAAd4LWRlbGF5ZAAJc2lnbmVkaW50YgBurM5qYQJkAAl1bmRlZmluZWRkAAl1bmRlZmluZWRkAAl1bmRlZmluZWRkAAl1bmRlZmluZWRtAAAAIGZkZTVlZjVkYWM3ODQ4NTk5YjQ2ZTg3YjQwOTY0MTc0YmnnDTZkAAl1bmRlZmluZWRkAAl1bmRlZmluZWRkAAl1bmRlZmluZWRkAAl1bmRlZmluZWQ=
1776757449157	kuke_test	kukecrms.exchange.business.delay	kukecrms.key.business.customer_delay	c625bc26998a46e5be3439d88b0b3393	1776749878	eyJldmVudCI6ImN1c3RvbWVyX2RlbGF5X21pZ3JhdGlvbl90ZXN0IiwiaW5kZXgiOjQsImNyZWF0ZWRfYXRfbXMiOjE3NzY3NDk4Nzg4MDMsImV4cGVjdGVkX2ZpcmVfYXRfbXMiOjE3NzY3NTc0NDg4OTEsInRyYWNlX2lkIjoiYzYyNWJjMjY5OThhNDZlNWJlMzQzOWQ4OGIwYjMzOTMiLCJyZW1hcmsiOiJnZW5lcmF0ZWQtYnktc2VuZF9kZWxheWVkX21lc3NhZ2VzLnB5In0=	g2wAAAABaANtAAAAB3gtZGVsYXlkAAlzaWduZWRpbnRiAHOCqGo=	g2gPZAAHUF9iYXNpY20AAAAQYXBwbGljYXRpb24vanNvbm0AAAAFdXRmLThsAAAAAWgDbQAAAAd4LWRlbGF5ZAAJc2lnbmVkaW50YgBzgqhqYQJkAAl1bmRlZmluZWRkAAl1bmRlZmluZWRkAAl1bmRlZmluZWRkAAl1bmRlZmluZWRtAAAAIGM2MjViYzI2OTk4YTQ2ZTViZTM0MzlkODhiMGIzMzkzYmnnDTZkAAl1bmRlZmluZWRkAAl1bmRlZmluZWRkAAl1bmRlZmluZWRkAAl1bmRlZmluZWQ=
1776757724442	kuke_test	kukecrms.exchange.business.delay	kukecrms.key.business.customer_delay	00de1c7675544d5db4102fea1c95a047	1776749878	eyJldmVudCI6ImN1c3RvbWVyX2RlbGF5X21pZ3JhdGlvbl90ZXN0IiwiaW5kZXgiOjEwLCJjcmVhdGVkX2F0X21zIjoxNzc2NzQ5ODc4OTk0LCJleHBlY3RlZF9maXJlX2F0X21zIjoxNzc2NzU3NzI0MTc0LCJ0cmFjZV9pZCI6IjAwZGUxYzc2NzU1NDRkNWRiNDEwMmZlYTFjOTVhMDQ3IiwicmVtYXJrIjoiZ2VuZXJhdGVkLWJ5LXNlbmRfZGVsYXllZF9tZXNzYWdlcy5weSJ9	g2wAAAABaANtAAAAB3gtZGVsYXlkAAlzaWduZWRpbnRiAHe1PGo=	g2gPZAAHUF9iYXNpY20AAAAQYXBwbGljYXRpb24vanNvbm0AAAAFdXRmLThsAAAAAWgDbQAAAAd4LWRlbGF5ZAAJc2lnbmVkaW50YgB3tTxqYQJkAAl1bmRlZmluZWRkAAl1bmRlZmluZWRkAAl1bmRlZmluZWRkAAl1bmRlZmluZWRtAAAAIDAwZGUxYzc2NzU1NDRkNWRiNDEwMmZlYTFjOTVhMDQ3YmnnDTZkAAl1bmRlZmluZWRkAAl1bmRlZmluZWRkAAl1bmRlZmluZWRkAAl1bmRlZmluZWQ=
1776757797972	kuke_test	kukecrms.exchange.business.delay	kukecrms.key.business.customer_delay	1bc9ebfffbbf4e0e8386e87b0c84eb65	1776749878	eyJldmVudCI6ImN1c3RvbWVyX2RlbGF5X21pZ3JhdGlvbl90ZXN0IiwiaW5kZXgiOjEsImNyZWF0ZWRfYXRfbXMiOjE3NzY3NDk4Nzg3MjUsImV4cGVjdGVkX2ZpcmVfYXRfbXMiOjE3NzY3NTc3OTc3MDEsInRyYWNlX2lkIjoiMWJjOWViZmZmYmJmNGUwZTgzODZlODdiMGM4NGViNjUiLCJyZW1hcmsiOiJnZW5lcmF0ZWQtYnktc2VuZF9kZWxheWVkX21lc3NhZ2VzLnB5In0=	g2wAAAABaANtAAAAB3gtZGVsYXlkAAlzaWduZWRpbnRiAHjVgGo=	g2gPZAAHUF9iYXNpY20AAAAQYXBwbGljYXRpb24vanNvbm0AAAAFdXRmLThsAAAAAWgDbQAAAAd4LWRlbGF5ZAAJc2lnbmVkaW50YgB41YBqYQJkAAl1bmRlZmluZWRkAAl1bmRlZmluZWRkAAl1bmRlZmluZWRkAAl1bmRlZmluZWRtAAAAIDFiYzllYmZmZmJiZjRlMGU4Mzg2ZTg3YjBjODRlYjY1YmnnDTZkAAl1bmRlZmluZWRkAAl1bmRlZmluZWRkAAl1bmRlZmluZWRkAAl1bmRlZmluZWQ=
1776758163319	kuke_test	kukecrms.exchange.business.delay	kukecrms.key.business.customer_delay	1a851f13355d471b89538eae5e03c116	1776749878	eyJldmVudCI6ImN1c3RvbWVyX2RlbGF5X21pZ3JhdGlvbl90ZXN0IiwiaW5kZXgiOjksImNyZWF0ZWRfYXRfbXMiOjE3NzY3NDk4Nzg5NzUsImV4cGVjdGVkX2ZpcmVfYXRfbXMiOjE3NzY3NTgxNjMwNTIsInRyYWNlX2lkIjoiMWE4NTFmMTMzNTVkNDcxYjg5NTM4ZWFlNWUwM2MxMTYiLCJyZW1hcmsiOiJnZW5lcmF0ZWQtYnktc2VuZF9kZWxheWVkX21lc3NhZ2VzLnB5In0=	g2wAAAABaANtAAAAB3gtZGVsYXlkAAlzaWduZWRpbnRiAH5nrWo=	g2gPZAAHUF9iYXNpY20AAAAQYXBwbGljYXRpb24vanNvbm0AAAAFdXRmLThsAAAAAWgDbQAAAAd4LWRlbGF5ZAAJc2lnbmVkaW50YgB+Z61qYQJkAAl1bmRlZmluZWRkAAl1bmRlZmluZWRkAAl1bmRlZmluZWRkAAl1bmRlZmluZWRtAAAAIDFhODUxZjEzMzU1ZDQ3MWI4OTUzOGVhZTVlMDNjMTE2YmnnDTZkAAl1bmRlZmluZWRkAAl1bmRlZmluZWRkAAl1bmRlZmluZWRkAAl1bmRlZmluZWQ=
1776758296366	kuke_test	kukecrms.exchange.business.delay	kukecrms.key.business.customer_delay	b16f1677f6704aa8b82ca6b64a5ac47f	1776749878	eyJldmVudCI6ImN1c3RvbWVyX2RlbGF5X21pZ3JhdGlvbl90ZXN0IiwiaW5kZXgiOjIsImNyZWF0ZWRfYXRfbXMiOjE3NzY3NDk4Nzg3NTksImV4cGVjdGVkX2ZpcmVfYXRfbXMiOjE3NzY3NTgyOTYxMDAsInRyYWNlX2lkIjoiYjE2ZjE2NzdmNjcwNGFhOGI4MmNhNmI2NGE1YWM0N2YiLCJyZW1hcmsiOiJnZW5lcmF0ZWQtYnktc2VuZF9kZWxheWVkX21lc3NhZ2VzLnB5In0=	g2wAAAABaANtAAAAB3gtZGVsYXlkAAlzaWduZWRpbnRiAIBwPWo=	g2gPZAAHUF9iYXNpY20AAAAQYXBwbGljYXRpb24vanNvbm0AAAAFdXRmLThsAAAAAWgDbQAAAAd4LWRlbGF5ZAAJc2lnbmVkaW50YgCAcD1qYQJkAAl1bmRlZmluZWRkAAl1bmRlZmluZWRkAAl1bmRlZmluZWRkAAl1bmRlZmluZWRtAAAAIGIxNmYxNjc3ZjY3MDRhYThiODJjYTZiNjRhNWFjNDdmYmnnDTZkAAl1bmRlZmluZWRkAAl1bmRlZmluZWRkAAl1bmRlZmluZWRkAAl1bmRlZmluZWQ=
1776758525430	kuke_test	kukecrms.exchange.business.delay	kukecrms.key.business.customer_delay	29e3655a64e545e8a9b7640cb78c8367	1776749878	eyJldmVudCI6ImN1c3RvbWVyX2RlbGF5X21pZ3JhdGlvbl90ZXN0IiwiaW5kZXgiOjYsImNyZWF0ZWRfYXRfbXMiOjE3NzY3NDk4Nzg4ODUsImV4cGVjdGVkX2ZpcmVfYXRfbXMiOjE3NzY3NTg1MjUxNjMsInRyYWNlX2lkIjoiMjllMzY1NWE2NGU1NDVlOGE5Yjc2NDBjYjc4YzgzNjciLCJyZW1hcmsiOiJnZW5lcmF0ZWQtYnktc2VuZF9kZWxheWVkX21lc3NhZ2VzLnB5In0=	g2wAAAABaANtAAAAB3gtZGVsYXlkAAlzaWduZWRpbnRiAIPuhmo=	g2gPZAAHUF9iYXNpY20AAAAQYXBwbGljYXRpb24vanNvbm0AAAAFdXRmLThsAAAAAWgDbQAAAAd4LWRlbGF5ZAAJc2lnbmVkaW50YgCD7oZqYQJkAAl1bmRlZmluZWRkAAl1bmRlZmluZWRkAAl1bmRlZmluZWRkAAl1bmRlZmluZWRtAAAAIDI5ZTM2NTVhNjRlNTQ1ZThhOWI3NjQwY2I3OGM4MzY3YmnnDTZkAAl1bmRlZmluZWRkAAl1bmRlZmluZWRkAAl1bmRlZmluZWRkAAl1bmRlZmluZWQ=
1776760074827	kuke_test	kukecrms.exchange.business.delay	kukecrms.key.business.customer_delay	8497fef352c44bcfa1457c2879e37b69	1776749878	eyJldmVudCI6ImN1c3RvbWVyX2RlbGF5X21pZ3JhdGlvbl90ZXN0IiwiaW5kZXgiOjMsImNyZWF0ZWRfYXRfbXMiOjE3NzY3NDk4Nzg3ODQsImV4cGVjdGVkX2ZpcmVfYXRfbXMiOjE3NzY3NjAwNzQ1NjAsInRyYWNlX2lkIjoiODQ5N2ZlZjM1MmM0NGJjZmExNDU3YzI4NzllMzdiNjkiLCJyZW1hcmsiOiJnZW5lcmF0ZWQtYnktc2VuZF9kZWxheWVkX21lc3NhZ2VzLnB5In0=	g2wAAAABaANtAAAAB3gtZGVsYXlkAAlzaWduZWRpbnRiAJuTQGo=	g2gPZAAHUF9iYXNpY20AAAAQYXBwbGljYXRpb24vanNvbm0AAAAFdXRmLThsAAAAAWgDbQAAAAd4LWRlbGF5ZAAJc2lnbmVkaW50YgCbk0BqYQJkAAl1bmRlZmluZWRkAAl1bmRlZmluZWRkAAl1bmRlZmluZWRkAAl1bmRlZmluZWRtAAAAIDg0OTdmZWYzNTJjNDRiY2ZhMTQ1N2MyODc5ZTM3YjY5YmnnDTZkAAl1bmRlZmluZWRkAAl1bmRlZmluZWRkAAl1bmRlZmluZWRkAAl1bmRlZmluZWQ=
1776760358295	kuke_test	kukecrms.exchange.business.delay	kukecrms.key.business.customer_delay	fda968e288f34710ad9903a8677c8477	1776749878	eyJldmVudCI6ImN1c3RvbWVyX2RlbGF5X21pZ3JhdGlvbl90ZXN0IiwiaW5kZXgiOjgsImNyZWF0ZWRfYXRfbXMiOjE3NzY3NDk4Nzg5MjcsImV4cGVjdGVkX2ZpcmVfYXRfbXMiOjE3NzY3NjAzNTgwMzAsInRyYWNlX2lkIjoiZmRhOTY4ZTI4OGYzNDcxMGFkOTkwM2E4Njc3Yzg0NzciLCJyZW1hcmsiOiJnZW5lcmF0ZWQtYnktc2VuZF9kZWxheWVkX21lc3NhZ2VzLnB5In0=	g2wAAAABaANtAAAAB3gtZGVsYXlkAAlzaWduZWRpbnRiAJ/l/2o=	g2gPZAAHUF9iYXNpY20AAAAQYXBwbGljYXRpb24vanNvbm0AAAAFdXRmLThsAAAAAWgDbQAAAAd4LWRlbGF5ZAAJc2lnbmVkaW50YgCf5f9qYQJkAAl1bmRlZmluZWRkAAl1bmRlZmluZWRkAAl1bmRlZmluZWRkAAl1bmRlZmluZWRtAAAAIGZkYTk2OGUyODhmMzQ3MTBhZDk5MDNhODY3N2M4NDc3YmnnDTZkAAl1bmRlZmluZWRkAAl1bmRlZmluZWRkAAl1bmRlZmluZWRkAAl1bmRlZmluZWQ=
1776760459168	kuke_test	kukecrms.exchange.business.delay	kukecrms.key.business.customer_delay	9a38b6060d274619924ca3b039faa6cb	1776749878	eyJldmVudCI6ImN1c3RvbWVyX2RlbGF5X21pZ3JhdGlvbl90ZXN0IiwiaW5kZXgiOjcsImNyZWF0ZWRfYXRfbXMiOjE3NzY3NDk4Nzg5MDYsImV4cGVjdGVkX2ZpcmVfYXRfbXMiOjE3NzY3NjA0NTg5MDIsInRyYWNlX2lkIjoiOWEzOGI2MDYwZDI3NDYxOTkyNGNhM2IwMzlmYWE2Y2IiLCJyZW1hcmsiOiJnZW5lcmF0ZWQtYnktc2VuZF9kZWxheWVkX21lc3NhZ2VzLnB5In0=	g2wAAAABaANtAAAAB3gtZGVsYXlkAAlzaWduZWRpbnRiAKFwHGo=	g2gPZAAHUF9iYXNpY20AAAAQYXBwbGljYXRpb24vanNvbm0AAAAFdXRmLThsAAAAAWgDbQAAAAd4LWRlbGF5ZAAJc2lnbmVkaW50YgChcBxqYQJkAAl1bmRlZmluZWRkAAl1bmRlZmluZWRkAAl1bmRlZmluZWRkAAl1bmRlZmluZWRtAAAAIDlhMzhiNjA2MGQyNzQ2MTk5MjRjYTNiMDM5ZmFhNmNiYmnnDTZkAAl1bmRlZmluZWRkAAl1bmRlZmluZWRkAAl1bmRlZmluZWRkAAl1bmRlZmluZWQ=
