file,label,prediction,ok,debug
captcha_001.jpg,3130,3130,1,"3:component:0.959:(12, 16, 16, 23)|1:component:-0.438:(64, 23, 4, 10)|3:component:0.884:(88, 8, 22, 28)|0:template_scan:-0.477:(122, 28, 14, 15)"
captcha_002.jpg,2300,2300,1,"2:slot_scan:0.883:(7, 28, 22, 26)|3:component:0.594:(46, 12, 18, 26)|0:template_scan:-1.533:(90, 32, 13, 15)|0:component:-1.601:(125, 38, 25, 22)"
captcha_003.jpg,5154,0914,0,"0:component:-1.020:(0, 0, 47, 39)|9:template_scan:-0.775:(44, 14, 24, 27)|1:component:0.007:(81, 41, 8, 12)|4:template_scan:0.775:(119, 20, 24, 28)"
captcha_004.jpg,1357,1307,0,"1:component:-0.179:(20, 30, 4, 10)|3:component:0.421:(52, 29, 14, 19)|0:component:-0.707:(98, 16, 16, 17)|7:component:0.698:(126, 13, 13, 20)"
captcha_005.jpg,1099,1099,1,"1:component:0.162:(13, 51, 4, 9)|0:component:0.122:(46, 20, 5, 8)|9:component:0.316:(85, 13, 26, 39)|9:component:0.985:(116, 14, 28, 39)"
captcha_006.jpg,1688,1688,1,"1:component:-0.653:(10, 16, 4, 10)|6:component:0.991:(43, 11, 28, 28)|8:component:-0.597:(83, 9, 24, 26)|8:component:0.982:(120, 15, 18, 20)"
captcha_007.jpg,2692,2692,1,"2:template_scan:0.809:(7, 13, 24, 29)|6:component:0.660:(50, 31, 22, 27)|9:component:0.974:(82, 6, 19, 27)|2:template_scan:0.693:(119, 14, 27, 30)"
captcha_008.jpg,7611,4615,0,"4:slot_scan:-0.410:(7, 28, 22, 26)|6:component:0.975:(44, 11, 28, 32)|1:component:0.224:(93, 51, 4, 9)|5:component:-1.581:(117, 15, 15, 10)"
captcha_009.jpg,9661,9691,0,"9:component:0.944:(7, 25, 22, 32)|6:position_fallback:0.712:(45, 20, 22, 25)|9:slot_scan:-0.080:(82, 29, 22, 26)|1:template_scan:-1.392:(130, 22, 15, 15)"
captcha_010.jpg,9628,9628,1,"9:component:0.931:(10, 13, 24, 34)|6:slot_scan:0.108:(45, 10, 22, 25)|2:slot_scan:0.502:(82, 29, 22, 26)|8:template_scan:-0.387:(119, 14, 27, 30)"
captcha_011.jpg,4851,4851,1,"4:slot_scan:-0.696:(7, 28, 22, 26)|8:component:0.846:(40, 16, 19, 18)|5:template_scan:0.055:(90, 32, 13, 15)|1:template_scan:0.498:(122, 28, 14, 15)"
captcha_012.jpg,4263,4263,1,"4:component:0.945:(0, 0, 37, 44)|2:component:0.881:(45, 12, 16, 23)|6:component:0.878:(80, 23, 24, 27)|3:template_scan:0.698:(119, 14, 27, 30)"
captcha_013.jpg,0786,0786,1,"0:template_scan:0.152:(14, 38, 12, 14)|7:component:0.365:(46, 25, 33, 32)|8:component:0.400:(87, 17, 21, 29)|6:template_scan:0.699:(119, 14, 27, 30)"
captcha_014.jpg,3764,3464,0,"3:component:0.913:(8, 28, 22, 28)|4:template_scan:-0.465:(38, 14, 33, 40)|6:component:0.545:(83, 13, 15, 19)|4:template_scan:-0.398:(117, 17, 27, 32)"
captcha_015.jpg,9424,9424,1,"9:component:0.824:(7, 21, 12, 17)|4:template_scan:0.349:(44, 12, 25, 30)|2:component:0.942:(86, 32, 16, 22)|4:slot_scan:0.033:(120, 8, 23, 27)"
captcha_016.jpg,0397,0397,1,"0:template_scan:0.691:(9, 39, 12, 16)|3:component:0.527:(44, 5, 16, 23)|9:template_scan:0.213:(80, 18, 28, 32)|7:component:0.526:(129, 27, 17, 26)"
captcha_017.jpg,9593,9693,0,"9:component:0.957:(7, 10, 23, 32)|6:slot_scan:-0.317:(45, 35, 22, 25)|9:component:0.985:(79, 7, 24, 36)|3:template_scan:-1.413:(117, 17, 27, 32)"
captcha_018.jpg,7253,9273,0,"9:component:-1.553:(9, 0, 40, 41)|2:component:0.433:(52, 12, 12, 17)|7:component:-1.606:(79, 51, 26, 9)|3:component:0.874:(129, 29, 17, 26)"
captcha_019.jpg,0489,9489,0,"9:slot_scan:-1.389:(7, 8, 22, 26)|4:slot_scan:0.891:(45, 10, 22, 25)|8:component:0.826:(86, 25, 21, 27)|9:component:0.957:(116, 5, 21, 29)"
captcha_020.jpg,8898,8898,1,"8:component:0.801:(0, 25, 29, 35)|8:component:-1.558:(51, 28, 11, 9)|9:component:0.973:(77, 21, 26, 32)|8:component:0.955:(125, 23, 18, 26)"
captcha_021.jpg,3448,3448,1,"3:template_scan:0.692:(7, 17, 22, 29)|4:component:0.979:(46, 16, 18, 26)|4:component:0.990:(85, 15, 17, 19)|8:component:0.202:(119, 27, 18, 26)"
captcha_022.jpg,6683,6683,1,"6:component:-0.004:(10, 27, 13, 17)|6:slot_scan:0.693:(45, 10, 22, 25)|8:component:0.871:(80, 13, 26, 31)|3:component:0.609:(123, 28, 19, 28)"
captcha_023.jpg,1552,1902,0,"1:component:-0.284:(12, 45, 4, 11)|9:template_scan:-0.795:(38, 14, 33, 40)|0:component:-1.553:(87, 40, 7, 7)|2:position_fallback:0.816:(120, 18, 23, 27)"
captcha_024.jpg,7776,7776,1,"7:slot_scan:0.563:(7, 8, 22, 26)|7:component:-0.664:(44, 21, 12, 19)|7:component:0.444:(79, 5, 28, 26)|6:position_fallback:0.897:(120, 18, 23, 27)"
captcha_025.jpg,5899,5899,1,"5:template_scan:0.414:(6, 30, 14, 15)|8:slot_scan:0.882:(45, 30, 22, 25)|9:component:0.972:(83, 23, 14, 19)|9:component:0.987:(124, 32, 14, 19)"
captcha_026.jpg,3054,3014,0,"3:component:0.334:(8, 30, 16, 22)|0:template_scan:-0.291:(52, 30, 15, 14)|1:component:-1.590:(87, 44, 4, 8)|4:component:0.779:(123, 26, 17, 22)"
captcha_027.jpg,8887,8887,1,"8:component:0.908:(7, 22, 15, 18)|8:component:0.971:(41, 18, 24, 29)|8:component:0.635:(81, 6, 23, 28)|7:template_scan:0.599:(117, 18, 26, 28)"
captcha_028.jpg,4978,4978,1,"4:component:0.980:(8, 15, 15, 19)|9:template_scan:0.795:(38, 14, 33, 40)|7:template_scan:-0.318:(78, 14, 27, 28)|8:component:0.943:(125, 22, 19, 25)"
captcha_029.jpg,8646,8646,1,"8:slot_scan:0.895:(7, 8, 22, 26)|6:template_scan:0.141:(43, 18, 24, 31)|4:component:0.969:(84, 23, 16, 20)|6:component:0.909:(115, 15, 28, 29)"
captcha_030.jpg,4716,4716,1,"4:component:0.704:(0, 26, 21, 18)|7:slot_scan:0.602:(45, 30, 22, 25)|1:component:-0.151:(104, 16, 6, 10)|6:template_scan:0.677:(117, 18, 26, 28)"
captcha_031.jpg,4340,4344,0,"4:component:0.967:(9, 23, 15, 18)|3:template_scan:0.579:(45, 18, 24, 27)|4:template_scan:-1.104:(80, 15, 24, 27)|4:position_fallback:-1.619:(120, 18, 23, 27)"
captcha_032.jpg,7012,7712,0,"7:component:0.521:(9, 17, 15, 22)|7:template_scan:-1.384:(51, 28, 13, 13)|1:component:-0.285:(77, 28, 4, 10)|2:component:0.537:(123, 23, 23, 33)"
captcha_033.jpg,6697,6697,1,"6:component:0.922:(7, 13, 25, 26)|6:template_scan:0.717:(42, 13, 26, 30)|9:component:0.928:(80, 13, 24, 36)|7:template_scan:-0.016:(117, 18, 26, 28)"
captcha_034.jpg,9892,9892,1,"9:component:0.949:(8, 10, 24, 34)|8:component:0.913:(44, 25, 20, 24)|9:template_scan:0.804:(79, 14, 26, 32)|2:template_scan:-0.104:(120, 16, 24, 30)"
captcha_035.jpg,9206,9296,0,"9:slot_scan:-0.184:(7, 28, 22, 26)|2:template_scan:0.272:(43, 18, 24, 31)|9:component:-1.625:(68, 0, 38, 36)|6:component:0.723:(117, 7, 22, 22)"
captcha_036.jpg,1713,1713,1,"1:component:-0.036:(11, 24, 4, 10)|7:template_scan:-1.273:(42, 13, 26, 30)|1:component:-0.139:(103, 22, 5, 10)|3:template_scan:0.670:(119, 14, 27, 30)"
captcha_037.jpg,9900,9910,0,"9:template_scan:0.771:(4, 10, 30, 38)|9:slot_scan:0.164:(45, 10, 22, 25)|1:component:-1.069:(99, 25, 7, 8)|0:slot_scan:-1.586:(120, 33, 23, 27)"
captcha_038.jpg,7278,7278,1,"7:slot_scan:0.759:(7, 8, 22, 26)|2:component:0.864:(47, 6, 18, 25)|7:component:0.908:(81, 28, 23, 20)|8:slot_scan:0.877:(120, 8, 23, 27)"
captcha_039.jpg,0113,4113,0,"4:component:-1.563:(16, 8, 11, 15)|1:template_scan:0.727:(50, 36, 11, 15)|1:slot_scan:-1.219:(82, 34, 22, 26)|3:component:0.684:(127, 25, 21, 27)"
captcha_040.jpg,7273,7273,1,"7:component:0.271:(4, 7, 27, 27)|2:component:0.697:(45, 11, 22, 29)|7:component:0.152:(82, 9, 12, 19)|3:component:0.913:(120, 8, 19, 27)"
captcha_041.jpg,3436,9496,0,"9:component:0.558:(11, 17, 19, 25)|4:component:0.959:(51, 9, 16, 20)|9:component:0.323:(74, 25, 30, 26)|6:template_scan:-0.129:(117, 18, 26, 28)"
captcha_042.jpg,6118,6118,1,"6:component:0.669:(9, 25, 15, 18)|1:component:-0.182:(57, 27, 4, 10)|1:component:0.142:(102, 51, 4, 9)|8:slot_scan:0.898:(120, 28, 23, 27)"
captcha_043.jpg,6489,6489,1,"6:template_scan:0.583:(6, 13, 25, 28)|4:component:0.971:(44, 32, 16, 19)|8:component:0.720:(88, 30, 24, 24)|9:component:0.973:(124, 32, 15, 23)"
captcha_044.jpg,5549,5549,1,"5:template_scan:-0.230:(6, 30, 14, 15)|5:component:-0.709:(49, 24, 7, 7)|4:component:-0.095:(82, 16, 31, 44)|9:component:0.995:(119, 28, 24, 24)"
captcha_045.jpg,6480,6480,1,"6:slot_scan:0.628:(7, 28, 22, 26)|4:component:0.954:(49, 29, 21, 22)|8:template_scan:0.472:(80, 18, 28, 32)|0:component:0.721:(125, 32, 13, 11)"
captcha_046.jpg,3080,3684,0,"3:component:0.893:(13, 14, 13, 19)|6:slot_scan:-1.448:(45, 35, 22, 25)|8:component:0.968:(82, 16, 18, 22)|4:position_fallback:-1.660:(120, 18, 23, 27)"
captcha_047.jpg,5350,9390,0,"9:component:-1.458:(14, 43, 4, 7)|3:component:0.309:(49, 19, 22, 31)|9:template_scan:-0.769:(80, 18, 28, 32)|0:template_scan:0.689:(130, 22, 15, 15)"
captcha_048.jpg,9017,9417,0,"9:component:0.876:(11, 14, 27, 43)|4:slot_scan:-1.431:(45, 30, 22, 25)|1:component:-0.388:(98, 38, 5, 11)|7:component:0.454:(122, 22, 28, 26)"
captcha_049.jpg,3743,9743,0,"9:slot_scan:0.826:(7, 8, 22, 26)|7:component:0.963:(43, 13, 15, 21)|4:template_scan:0.533:(78, 14, 27, 28)|3:component:0.862:(121, 9, 15, 23)"
captcha_050.jpg,2940,2940,1,"2:position_fallback:0.919:(7, 18, 22, 26)|9:component:0.985:(44, 16, 27, 39)|4:component:0.977:(87, 11, 17, 20)|0:slot_scan:-1.319:(120, 33, 23, 27)"
captcha_051.jpg,8032,8032,1,"8:slot_scan:-0.026:(7, 8, 22, 26)|0:component:0.656:(38, 38, 8, 11)|3:slot_scan:0.743:(82, 29, 22, 26)|2:template_scan:0.788:(119, 14, 27, 30)"
captcha_052.jpg,5988,5988,1,"5:component:-0.426:(10, 28, 6, 10)|9:component:0.956:(52, 15, 21, 25)|8:slot_scan:0.646:(82, 9, 22, 26)|8:component:0.597:(122, 18, 28, 34)"
captcha_053.jpg,3179,6179,0,"6:component:-0.951:(4, 15, 34, 45)|1:component:0.695:(38, 44, 8, 14)|7:component:0.058:(81, 11, 26, 23)|9:component:0.936:(117, 6, 23, 34)"
captcha_054.jpg,4538,4638,0,"4:template_scan:0.700:(4, 10, 30, 38)|6:slot_scan:-1.463:(45, 35, 22, 25)|3:template_scan:0.664:(80, 15, 24, 27)|8:component:0.942:(119, 23, 18, 26)"
captcha_055.jpg,5049,5049,1,"5:component:-1.005:(9, 44, 7, 8)|0:component:0.524:(55, 45, 8, 10)|4:template_scan:0.666:(78, 14, 27, 28)|9:slot_scan:0.238:(120, 8, 23, 27)"
captcha_056.jpg,9947,9949,0,"9:component:0.787:(15, 15, 17, 24)|9:component:0.968:(45, 25, 16, 20)|4:component:0.905:(79, 15, 22, 18)|9:slot_scan:-1.119:(120, 8, 23, 27)"
captcha_057.jpg,3219,9219,0,"9:component:0.659:(11, 27, 22, 29)|2:component:0.553:(47, 27, 25, 33)|1:component:-0.276:(83, 33, 4, 10)|9:component:0.981:(126, 25, 15, 21)"
captcha_058.jpg,3763,1763,0,"1:position_fallback:0.563:(7, 18, 22, 26)|7:template_scan:-1.045:(42, 13, 26, 30)|6:component:0.328:(82, 13, 14, 18)|3:component:0.433:(124, 18, 12, 19)"
captcha_059.jpg,9639,9639,1,"9:component:0.680:(6, 16, 22, 19)|6:component:0.858:(40, 22, 19, 21)|3:template_scan:0.270:(80, 18, 28, 32)|9:slot_scan:0.713:(120, 33, 23, 27)"
captcha_060.jpg,0973,0973,1,"0:position_fallback:0.275:(7, 18, 22, 26)|9:template_scan:0.808:(38, 14, 33, 40)|7:position_fallback:-0.472:(82, 19, 22, 26)|3:component:0.327:(125, 27, 12, 19)"
captcha_061.jpg,9252,1202,0,"1:slot_scan:-0.700:(7, 8, 22, 26)|2:component:0.741:(42, 20, 30, 30)|0:template_scan:-1.552:(78, 32, 15, 16)|2:template_scan:0.547:(118, 12, 26, 32)"
captcha_062.jpg,7965,9965,0,"9:component:-0.772:(6, 15, 29, 45)|9:template_scan:0.085:(45, 18, 24, 27)|6:component:0.990:(77, 21, 30, 31)|5:template_scan:0.452:(122, 28, 14, 15)"
captcha_063.jpg,7248,4248,0,"4:template_scan:-1.285:(7, 14, 24, 30)|2:component:0.809:(53, 19, 20, 30)|4:component:0.642:(88, 13, 19, 26)|8:slot_scan:0.860:(120, 8, 23, 27)"
captcha_064.jpg,2690,2690,1,"2:template_scan:0.658:(6, 13, 25, 28)|6:component:0.226:(51, 10, 14, 18)|9:component:0.882:(68, 21, 30, 29)|0:component:-1.459:(134, 3, 8, 8)"
captcha_065.jpg,1418,1418,1,"1:component:-0.487:(24, 44, 4, 10)|4:component:0.898:(45, 17, 18, 21)|1:component:0.127:(84, 51, 4, 9)|8:component:0.911:(125, 6, 21, 25)"
captcha_066.jpg,7372,7372,1,"7:template_scan:0.809:(6, 13, 25, 28)|3:component:0.682:(46, 3, 23, 36)|7:component:0.758:(79, 8, 31, 28)|2:template_scan:0.624:(119, 20, 24, 28)"
captcha_067.jpg,4198,4498,0,"4:component:0.990:(11, 13, 17, 20)|4:template_scan:-1.022:(43, 18, 24, 31)|9:component:0.402:(80, 20, 26, 36)|8:position_fallback:0.918:(120, 18, 23, 27)"
captcha_068.jpg,8818,8818,1,"8:component:0.460:(15, 29, 21, 24)|8:component:0.978:(46, 22, 20, 23)|1:component:-0.128:(88, 47, 4, 10)|8:component:0.961:(117, 20, 20, 26)"
captcha_069.jpg,2378,9478,0,"9:template_scan:-1.155:(4, 10, 30, 38)|4:template_scan:0.304:(44, 14, 24, 27)|7:component:0.931:(84, 25, 17, 23)|8:position_fallback:0.908:(120, 18, 23, 27)"
captcha_070.jpg,4353,4933,0,"4:template_scan:0.632:(7, 14, 25, 28)|9:component:0.480:(50, 18, 18, 23)|3:slot_scan:-1.257:(82, 34, 22, 26)|3:component:0.272:(119, 9, 14, 18)"
captcha_071.jpg,9143,9143,1,"9:component:0.923:(6, 3, 27, 38)|1:component:-0.487:(58, 42, 7, 10)|4:component:0.995:(85, 18, 17, 20)|3:component:0.707:(128, 23, 14, 22)"
captcha_072.jpg,1493,1493,1,"1:template_scan:0.325:(6, 30, 14, 15)|4:component:0.981:(48, 33, 18, 20)|9:component:0.962:(84, 15, 18, 21)|3:component:0.617:(117, 12, 20, 23)"
captcha_073.jpg,1960,1969,0,"1:component:-1.142:(8, 44, 4, 10)|9:template_scan:0.802:(38, 14, 33, 40)|6:template_scan:0.725:(80, 18, 28, 32)|9:component:-0.929:(113, 28, 37, 30)"
captcha_074.jpg,1394,6394,0,"6:slot_scan:-1.176:(7, 28, 22, 26)|3:component:0.779:(50, 12, 19, 26)|9:component:0.970:(79, 19, 19, 28)|4:component:0.945:(119, 28, 17, 19)"
captcha_075.jpg,0937,0997,0,"0:component:0.159:(23, 42, 10, 18)|9:component:0.452:(52, 29, 14, 20)|9:component:-0.018:(89, 19, 23, 31)|7:template_scan:0.598:(118, 12, 26, 32)"
captcha_076.jpg,9382,9982,0,"9:template_scan:0.810:(4, 10, 30, 38)|9:template_scan:-0.677:(43, 18, 24, 31)|8:component:0.916:(88, 11, 17, 20)|2:template_scan:0.806:(119, 14, 27, 30)"
captcha_077.jpg,8299,8299,1,"8:template_scan:0.776:(7, 14, 24, 30)|2:template_scan:0.407:(43, 14, 26, 31)|9:component:0.999:(82, 19, 22, 26)|9:component:0.918:(120, 11, 13, 17)"
captcha_078.jpg,6772,6771,0,"6:template_scan:0.806:(4, 11, 26, 29)|7:position_fallback:0.737:(45, 20, 22, 25)|7:position_fallback:0.918:(82, 19, 22, 26)|1:component:-1.196:(134, 30, 15, 17)"
captcha_079.jpg,4727,4727,1,"4:component:0.963:(12, 31, 18, 22)|7:slot_scan:0.453:(45, 10, 22, 25)|2:component:0.116:(85, 25, 15, 22)|7:slot_scan:-1.210:(120, 33, 23, 27)"
captcha_080.jpg,5671,9871,0,"9:component:-1.568:(0, 30, 19, 13)|8:position_fallback:0.746:(45, 20, 22, 25)|7:component:0.389:(85, 28, 20, 27)|1:component:-0.709:(121, 48, 4, 10)"
captcha_081.jpg,4183,4183,1,"4:component:0.986:(7, 20, 18, 23)|1:component:-0.220:(49, 40, 4, 10)|8:component:0.908:(86, 29, 19, 22)|3:component:0.451:(119, 15, 20, 27)"
captcha_082.jpg,7680,7680,1,"7:component:0.225:(4, 7, 34, 31)|6:slot_scan:0.644:(45, 10, 22, 25)|8:component:0.988:(84, 23, 21, 27)|0:component:0.952:(118, 15, 12, 12)"
captcha_083.jpg,3844,3844,1,"3:template_scan:0.656:(7, 17, 22, 29)|8:component:0.983:(46, 29, 15, 18)|4:component:0.978:(85, 28, 23, 29)|4:component:0.773:(124, 27, 20, 22)"
captcha_084.jpg,1021,1021,1,"1:component:-0.895:(8, 22, 4, 10)|0:component:0.919:(64, 42, 9, 10)|2:component:0.950:(87, 17, 12, 18)|1:component:0.060:(138, 52, 4, 8)"
captcha_085.jpg,9002,9002,1,"9:component:0.962:(10, 14, 24, 33)|0:component:-0.221:(45, 47, 13, 13)|0:template_scan:-0.609:(78, 32, 15, 16)|2:component:0.949:(117, 10, 21, 30)"
captcha_086.jpg,2084,2684,0,"2:component:0.769:(13, 26, 13, 18)|6:position_fallback:-1.584:(45, 20, 22, 25)|8:component:0.982:(83, 28, 15, 18)|4:component:0.962:(124, 15, 18, 22)"
captcha_087.jpg,1751,1791,0,"1:component:-0.594:(20, 25, 4, 10)|7:template_scan:0.234:(42, 13, 26, 30)|9:component:-1.618:(77, 47, 26, 13)|1:component:-0.768:(130, 15, 5, 11)"
captcha_088.jpg,7127,7927,0,"7:component:0.732:(7, 23, 13, 20)|9:component:-1.608:(49, 0, 7, 11)|2:component:0.565:(84, 26, 24, 30)|7:position_fallback:0.731:(120, 18, 23, 27)"
captcha_089.jpg,4168,4168,1,"4:component:0.977:(11, 12, 19, 20)|1:component:-1.239:(67, 33, 4, 10)|6:component:0.976:(83, 15, 22, 23)|8:component:0.868:(117, 13, 20, 24)"
captcha_090.jpg,2202,2292,0,"2:template_scan:0.805:(7, 13, 24, 29)|2:template_scan:0.687:(38, 14, 33, 40)|9:slot_scan:-0.311:(82, 34, 22, 26)|2:template_scan:0.793:(119, 14, 27, 30)"
captcha_091.jpg,7483,7483,1,"7:slot_scan:0.585:(7, 28, 22, 26)|4:component:0.846:(43, 30, 18, 19)|8:component:0.925:(84, 17, 18, 21)|3:component:0.751:(123, 18, 17, 22)"
captcha_092.jpg,2026,2926,0,"2:component:0.564:(15, 14, 19, 27)|9:template_scan:-1.413:(38, 14, 33, 40)|2:component:0.898:(87, 11, 27, 32)|6:component:0.994:(119, 20, 24, 32)"
captcha_093.jpg,2882,2882,1,"2:component:0.917:(11, 17, 23, 32)|8:component:-0.488:(51, 18, 32, 33)|8:component:0.939:(72, 23, 39, 37)|2:slot_scan:0.889:(120, 28, 23, 27)"
captcha_094.jpg,0414,0410,0,"0:component:0.090:(7, 41, 5, 8)|4:component:0.241:(48, 0, 33, 41)|1:component:-0.261:(79, 17, 7, 11)|0:component:-1.584:(115, 33, 35, 27)"
captcha_095.jpg,4725,4029,0,"4:component:0.866:(13, 27, 15, 18)|0:template_scan:-0.458:(51, 28, 13, 13)|2:component:0.915:(81, 16, 19, 31)|9:component:-1.578:(107, 0, 43, 38)"
captcha_096.jpg,6528,6928,0,"6:component:0.638:(9, 14, 19, 22)|9:template_scan:-1.612:(38, 14, 33, 40)|2:template_scan:0.807:(80, 15, 24, 27)|8:component:0.967:(118, 7, 25, 30)"
captcha_097.jpg,5678,0678,0,"0:slot_scan:-1.237:(7, 34, 22, 26)|6:component:0.489:(51, 11, 13, 18)|7:component:0.055:(80, 25, 26, 24)|8:component:0.823:(122, 14, 16, 19)"
captcha_098.jpg,4047,4047,1,"4:component:0.990:(8, 12, 18, 21)|0:component:0.971:(50, 35, 10, 10)|4:position_fallback:0.844:(82, 19, 22, 26)|7:component:0.013:(122, 29, 12, 19)"
captcha_099.jpg,2689,2689,1,"2:component:0.918:(9, 32, 18, 24)|6:component:0.884:(40, 19, 24, 25)|8:component:-0.258:(83, 24, 20, 22)|9:component:0.872:(121, 2, 26, 41)"
captcha_100.jpg,6224,6221,0,"6:component:0.858:(2, 19, 21, 22)|2:component:0.844:(50, 13, 21, 30)|2:component:0.963:(79, 12, 18, 26)|1:template_scan:-0.627:(127, 24, 13, 16)"
captcha_101.jpg,8481,8481,1,"8:component:0.970:(8, 11, 25, 31)|4:slot_scan:0.900:(45, 10, 22, 25)|8:component:0.971:(85, 30, 15, 17)|1:component:-0.644:(128, 13, 9, 14)"
captcha_102.jpg,7217,7219,0,"7:position_fallback:0.710:(7, 18, 22, 26)|2:position_fallback:0.830:(45, 20, 22, 25)|1:template_scan:0.736:(86, 23, 12, 15)|9:template_scan:-0.012:(118, 12, 26, 32)"
captcha_103.jpg,9359,9359,1,"9:component:0.986:(6, 13, 26, 37)|3:component:0.933:(46, 14, 23, 33)|5:component:-1.469:(103, 48, 5, 8)|9:position_fallback:0.891:(120, 18, 23, 27)"
captcha_104.jpg,6075,9070,0,"9:template_scan:0.790:(4, 10, 30, 38)|0:component:-1.293:(50, 22, 8, 7)|7:component:0.452:(78, 10, 28, 29)|0:template_scan:-1.267:(122, 28, 14, 15)"
captcha_105.jpg,9248,9248,1,"9:template_scan:0.698:(4, 11, 26, 29)|2:component:0.937:(50, 23, 17, 25)|4:component:0.979:(76, 13, 30, 41)|8:component:-0.160:(120, 16, 20, 25)"
captcha_106.jpg,4275,4270,0,"4:component:0.905:(8, 26, 15, 18)|2:component:0.821:(51, 10, 23, 33)|7:position_fallback:0.243:(82, 19, 22, 26)|0:component:0.222:(137, 20, 9, 10)"
captcha_107.jpg,7191,7191,1,"7:template_scan:-0.007:(7, 17, 22, 29)|1:component:-1.597:(54, 37, 7, 9)|9:component:0.919:(83, 6, 25, 37)|1:template_scan:-0.754:(127, 24, 13, 16)"
captcha_108.jpg,0968,5968,0,"5:component:-1.582:(0, 40, 25, 20)|9:component:0.981:(45, 15, 25, 33)|6:template_scan:-0.044:(80, 18, 28, 32)|8:slot_scan:-0.601:(120, 28, 23, 27)"
captcha_109.jpg,6630,6630,1,"6:component:0.307:(7, 16, 14, 19)|6:slot_scan:-0.349:(45, 10, 22, 25)|3:component:0.370:(85, 23, 19, 18)|0:slot_scan:-1.493:(120, 33, 23, 27)"
captcha_110.jpg,8177,8177,1,"8:slot_scan:0.875:(7, 8, 22, 26)|1:component:0.193:(54, 51, 4, 9)|7:template_scan:0.124:(78, 14, 27, 28)|7:component:0.881:(124, 22, 14, 21)"
captcha_111.jpg,4414,4414,1,"4:component:0.954:(8, 34, 21, 24)|4:component:0.426:(49, 25, 23, 29)|1:component:-0.122:(101, 46, 4, 10)|4:component:0.934:(118, 27, 18, 20)"
captcha_112.jpg,7485,9486,0,"9:component:-0.569:(6, 7, 34, 32)|4:template_scan:0.027:(43, 18, 24, 31)|8:component:0.953:(82, 20, 24, 30)|6:slot_scan:-1.590:(120, 33, 23, 27)"
captcha_113.jpg,6384,6384,1,"6:component:0.877:(7, 12, 19, 21)|3:component:0.526:(47, 16, 16, 22)|8:component:0.926:(80, 12, 18, 22)|4:component:0.936:(124, 29, 15, 18)"
captcha_114.jpg,8141,8141,1,"8:component:0.379:(3, 4, 21, 24)|1:component:0.082:(60, 49, 4, 10)|4:component:0.980:(83, 24, 19, 23)|1:component:0.757:(126, 26, 7, 11)"
captcha_115.jpg,2648,2648,1,"2:slot_scan:0.046:(7, 28, 22, 26)|6:position_fallback:0.413:(45, 20, 22, 25)|4:component:0.976:(87, 13, 15, 17)|8:component:0.356:(124, 6, 20, 24)"
captcha_116.jpg,1293,1299,0,"1:component:-0.605:(7, 49, 6, 11)|2:component:0.959:(46, 13, 31, 37)|9:component:0.932:(84, 21, 26, 37)|9:component:0.087:(113, 12, 27, 28)"
captcha_117.jpg,3185,3980,0,"3:slot_scan:0.640:(7, 8, 22, 26)|9:slot_scan:-1.482:(45, 10, 22, 25)|8:component:0.988:(84, 22, 18, 23)|0:component:-1.495:(119, 49, 11, 11)"
captcha_118.jpg,8014,8014,1,"8:component:0.891:(11, 21, 16, 19)|0:component:0.164:(63, 18, 7, 8)|1:slot_scan:-1.655:(82, 9, 22, 26)|4:slot_scan:0.900:(120, 28, 23, 27)"
captcha_119.jpg,7596,7096,0,"7:component:0.561:(8, 16, 13, 20)|0:template_scan:-1.572:(51, 28, 13, 13)|9:slot_scan:0.831:(82, 9, 22, 26)|6:component:0.983:(118, 10, 26, 28)"
captcha_120.jpg,8150,8906,0,"8:component:0.740:(6, 21, 18, 21)|9:template_scan:-1.568:(38, 14, 33, 40)|0:template_scan:-1.455:(78, 14, 27, 28)|6:slot_scan:-0.870:(120, 33, 23, 27)"
captcha_121.jpg,8496,8496,1,"8:component:0.939:(4, 3, 21, 26)|4:component:0.988:(49, 11, 17, 20)|9:component:0.958:(88, 21, 23, 27)|6:template_scan:0.630:(119, 14, 27, 30)"
captcha_122.jpg,5395,5390,0,"5:template_scan:-0.995:(14, 38, 12, 14)|3:component:0.787:(44, 21, 15, 23)|9:component:0.962:(85, 18, 13, 18)|0:component:-0.848:(110, 8, 16, 17)"
captcha_123.jpg,9340,9349,0,"9:component:0.919:(10, 11, 24, 33)|3:component:0.918:(51, 26, 19, 26)|4:slot_scan:-1.017:(82, 29, 22, 26)|9:component:-1.667:(136, 0, 14, 31)"
captcha_124.jpg,0638,5698,0,"5:component:-1.640:(0, 0, 19, 19)|6:component:0.755:(49, 19, 24, 26)|9:template_scan:0.253:(82, 17, 24, 32)|8:component:0.972:(118, 21, 28, 30)"
captcha_125.jpg,6134,6134,1,"6:component:0.835:(9, 18, 22, 23)|1:component:-0.541:(61, 20, 4, 10)|3:component:0.642:(85, 28, 18, 23)|4:slot_scan:-0.848:(120, 8, 23, 27)"
captcha_126.jpg,8562,8162,0,"8:position_fallback:0.838:(7, 18, 22, 26)|1:template_scan:-1.376:(50, 36, 11, 15)|6:component:0.960:(85, 26, 25, 28)|2:component:0.789:(126, 27, 14, 19)"
captcha_127.jpg,8837,8891,0,"8:template_scan:0.621:(4, 10, 30, 38)|8:component:0.946:(45, 14, 25, 25)|9:template_scan:-0.625:(82, 17, 24, 32)|1:template_scan:-1.309:(117, 17, 27, 32)"
captcha_128.jpg,1489,9489,0,"9:template_scan:-0.467:(7, 14, 24, 30)|4:position_fallback:0.907:(45, 20, 22, 25)|8:component:0.982:(82, 22, 19, 22)|9:component:0.858:(116, 20, 20, 28)"
captcha_129.jpg,6622,6622,1,"6:component:0.308:(7, 9, 12, 18)|6:component:0.534:(41, 13, 20, 21)|2:component:0.533:(85, 29, 14, 18)|2:component:0.705:(125, 25, 12, 19)"
captcha_130.jpg,6757,6757,1,"6:template_scan:0.437:(7, 14, 25, 28)|7:slot_scan:0.471:(45, 10, 22, 25)|5:template_scan:0.438:(78, 32, 15, 16)|7:slot_scan:-0.576:(120, 8, 23, 27)"
captcha_131.jpg,4508,4008,0,"4:component:0.948:(13, 20, 18, 21)|0:component:-1.569:(48, 9, 9, 7)|0:component:-1.567:(100, 34, 8, 7)|8:position_fallback:0.919:(120, 18, 23, 27)"
captcha_132.jpg,0704,0704,1,"0:component:0.888:(19, 45, 14, 14)|7:template_scan:0.477:(38, 14, 33, 40)|0:component:0.900:(98, 21, 9, 10)|4:component:0.975:(120, 25, 18, 18)"
captcha_133.jpg,0353,0394,0,"0:component:0.224:(2, 18, 19, 16)|3:component:0.736:(41, 28, 15, 19)|9:template_scan:-1.061:(79, 14, 26, 32)|4:template_scan:-1.038:(119, 20, 24, 28)"
captcha_134.jpg,8947,8941,0,"8:component:0.873:(0, 0, 34, 35)|9:template_scan:0.608:(42, 13, 26, 30)|4:template_scan:0.673:(80, 18, 28, 32)|1:slot_scan:-1.461:(120, 8, 23, 27)"
captcha_135.jpg,7021,9021,0,"9:template_scan:-0.083:(4, 10, 30, 38)|0:component:-0.425:(61, 16, 8, 9)|2:slot_scan:0.733:(82, 9, 22, 26)|1:component:-0.505:(133, 32, 5, 12)"
captcha_136.jpg,1951,1901,0,"1:component:-0.279:(15, 33, 7, 11)|9:template_scan:0.653:(38, 14, 33, 40)|0:component:-0.783:(94, 4, 16, 17)|1:component:0.492:(115, 30, 7, 10)"
captcha_137.jpg,7950,7960,0,"7:slot_scan:0.609:(7, 8, 22, 26)|9:component:0.978:(41, 8, 27, 40)|6:slot_scan:-1.544:(82, 34, 22, 26)|0:component:0.948:(132, 21, 9, 10)"
captcha_138.jpg,4429,4429,1,"4:component:0.515:(8, 18, 15, 18)|4:slot_scan:0.839:(45, 10, 22, 25)|2:slot_scan:0.245:(82, 9, 22, 26)|9:component:0.595:(127, 27, 16, 22)"
captcha_139.jpg,2010,2010,1,"2:template_scan:0.808:(7, 13, 24, 29)|0:component:0.014:(57, 25, 6, 8)|1:component:-0.107:(94, 27, 4, 10)|0:component:0.929:(134, 18, 14, 11)"
captcha_140.jpg,3583,3183,0,"3:component:0.408:(10, 21, 14, 18)|1:template_scan:-0.722:(50, 36, 11, 15)|8:component:0.931:(86, 11, 25, 32)|3:component:0.899:(123, 29, 12, 19)"
captcha_141.jpg,3783,9783,0,"9:template_scan:-0.494:(4, 10, 30, 38)|7:component:0.796:(53, 26, 15, 23)|8:component:0.901:(86, 6, 20, 26)|3:component:0.940:(121, 11, 14, 20)"
captcha_142.jpg,9776,9776,1,"9:component:0.412:(9, 21, 12, 18)|7:component:0.351:(47, 5, 30, 27)|7:slot_scan:0.869:(82, 9, 22, 26)|6:slot_scan:0.872:(120, 28, 23, 27)"
captcha_143.jpg,6303,6393,0,"6:component:0.981:(4, 13, 27, 31)|3:component:0.833:(48, 27, 15, 23)|9:template_scan:-0.653:(82, 17, 24, 32)|3:slot_scan:0.608:(120, 28, 23, 27)"
captcha_144.jpg,5209,5209,1,"5:slot_scan:-1.623:(7, 8, 22, 26)|2:template_scan:0.259:(42, 13, 26, 30)|0:component:0.748:(103, 48, 8, 11)|9:component:0.975:(123, 4, 22, 31)"
captcha_145.jpg,8306,8309,0,"8:slot_scan:0.689:(7, 8, 22, 26)|3:component:0.649:(51, 23, 19, 23)|0:component:0.946:(94, 23, 9, 10)|9:slot_scan:0.832:(120, 28, 23, 27)"
captcha_146.jpg,2293,2299,0,"2:component:0.966:(12, 17, 15, 21)|2:template_scan:0.415:(43, 18, 24, 31)|9:component:0.937:(89, 12, 17, 22)|9:template_scan:0.564:(118, 12, 26, 32)"
captcha_147.jpg,1283,1283,1,"1:component:0.526:(8, 42, 14, 16)|2:slot_scan:-0.160:(45, 10, 22, 25)|8:slot_scan:0.876:(82, 9, 22, 26)|3:component:0.780:(120, 26, 17, 22)"
captcha_148.jpg,4376,4376,1,"4:component:0.946:(10, 32, 14, 21)|3:slot_scan:0.894:(45, 10, 22, 25)|7:component:-0.060:(77, 8, 29, 32)|6:position_fallback:0.805:(120, 18, 23, 27)"
captcha_149.jpg,1028,1028,1,"1:component:0.036:(6, 37, 4, 10)|0:component:-0.096:(64, 52, 8, 8)|2:template_scan:0.365:(80, 18, 28, 32)|8:template_scan:0.657:(117, 17, 27, 32)"
captcha_150.jpg,7514,7914,0,"7:component:0.121:(2, 26, 24, 34)|9:component:-0.423:(59, 42, 17, 18)|1:component:0.568:(87, 22, 6, 11)|4:position_fallback:0.679:(120, 18, 23, 27)"
captcha_151.jpg,0538,0038,0,"0:component:-0.170:(21, 38, 24, 21)|0:component:-1.569:(46, 52, 8, 7)|3:slot_scan:0.620:(82, 29, 22, 26)|8:component:0.959:(122, 17, 15, 18)"
captcha_152.jpg,4006,4096,0,"4:component:0.985:(11, 20, 18, 21)|0:template_scan:0.134:(50, 36, 11, 15)|9:slot_scan:-0.515:(82, 29, 22, 26)|6:component:0.854:(117, 26, 21, 23)"
captcha_153.jpg,5961,0951,0,"0:component:-1.580:(14, 27, 6, 7)|9:component:1.000:(40, 22, 32, 38)|5:template_scan:-0.007:(90, 32, 13, 15)|1:component:-0.049:(126, 23, 4, 10)"
captcha_154.jpg,6067,6067,1,"6:slot_scan:0.888:(7, 8, 22, 26)|0:component:0.514:(43, 27, 10, 11)|6:component:0.328:(91, 30, 18, 25)|7:slot_scan:0.692:(120, 8, 23, 27)"
captcha_155.jpg,7038,7038,1,"7:slot_scan:0.086:(7, 8, 22, 26)|0:component:-1.054:(64, 13, 11, 15)|3:component:0.590:(83, 18, 13, 19)|8:position_fallback:0.552:(120, 18, 23, 27)"
captcha_156.jpg,2143,2143,1,"2:position_fallback:0.907:(7, 18, 22, 26)|1:component:-0.105:(43, 39, 4, 10)|4:component:-0.672:(83, 27, 29, 33)|3:component:0.761:(125, 9, 14, 18)"
captcha_157.jpg,2063,2063,1,"2:position_fallback:0.911:(7, 18, 22, 26)|0:component:0.941:(56, 38, 8, 10)|6:position_fallback:0.915:(82, 19, 22, 26)|3:component:0.703:(120, 22, 17, 22)"
captcha_158.jpg,0436,0446,0,"0:template_scan:-0.188:(14, 38, 12, 14)|4:template_scan:0.602:(43, 18, 24, 31)|4:component:-0.402:(85, 16, 26, 29)|6:component:0.851:(119, 26, 20, 22)"
captcha_159.jpg,3479,3429,0,"3:component:0.571:(9, 26, 12, 19)|4:component:0.991:(46, 17, 18, 22)|2:slot_scan:0.640:(82, 9, 22, 26)|9:component:0.735:(121, 27, 12, 18)"
captcha_160.jpg,7254,7264,0,"7:component:0.187:(7, 25, 32, 30)|2:position_fallback:0.891:(45, 20, 22, 25)|6:template_scan:-1.099:(78, 14, 27, 28)|4:position_fallback:0.919:(120, 18, 23, 27)"
captcha_161.jpg,1771,1796,0,"1:component:0.433:(20, 49, 7, 10)|7:slot_scan:0.640:(45, 10, 22, 25)|9:component:-1.571:(71, 30, 24, 24)|6:template_scan:-0.787:(118, 12, 26, 32)"
captcha_162.jpg,0114,0194,0,"0:component:0.177:(27, 14, 8, 10)|1:component:-1.253:(51, 47, 11, 13)|9:template_scan:-1.087:(79, 14, 26, 32)|4:template_scan:0.726:(119, 20, 24, 28)"
captcha_163.jpg,7522,7922,0,"7:slot_scan:0.687:(7, 8, 22, 26)|9:template_scan:-0.790:(43, 18, 24, 31)|2:component:0.895:(83, 12, 20, 28)|2:template_scan:0.808:(119, 14, 27, 30)"
captcha_164.jpg,3112,3012,0,"3:position_fallback:0.810:(7, 18, 22, 26)|0:component:-1.529:(62, 19, 6, 10)|1:component:-0.621:(102, 26, 4, 10)|2:slot_scan:0.857:(120, 8, 23, 27)"
captcha_165.jpg,4148,4148,1,"4:component:0.962:(9, 16, 18, 21)|1:component:-0.316:(53, 36, 4, 10)|4:component:0.994:(84, 13, 17, 20)|8:template_scan:0.789:(118, 12, 26, 32)"
captcha_166.jpg,7722,7722,1,"7:component:0.531:(4, 22, 15, 18)|7:component:-1.247:(38, 2, 32, 25)|2:position_fallback:0.903:(82, 19, 22, 26)|2:slot_scan:0.893:(120, 8, 23, 27)"
captcha_167.jpg,1201,1209,0,"1:component:-1.144:(21, 40, 15, 20)|2:slot_scan:0.794:(45, 10, 22, 25)|0:template_scan:0.405:(78, 32, 15, 16)|9:slot_scan:0.293:(120, 28, 23, 27)"
captcha_168.jpg,3474,3474,1,"3:component:0.659:(14, 28, 17, 24)|4:template_scan:0.681:(43, 14, 26, 31)|7:template_scan:-0.488:(82, 17, 24, 32)|4:component:0.781:(119, 24, 19, 22)"
captcha_169.jpg,7080,7080,1,"7:position_fallback:0.704:(7, 18, 22, 26)|0:component:-1.078:(48, 52, 5, 7)|8:component:0.978:(81, 12, 24, 29)|0:component:0.104:(119, 44, 5, 8)"
captcha_170.jpg,6978,6978,1,"6:position_fallback:0.259:(7, 18, 22, 26)|9:template_scan:0.810:(38, 14, 33, 40)|7:component:-0.306:(81, 13, 33, 29)|8:component:0.978:(119, 13, 19, 23)"
captcha_171.jpg,4060,9060,0,"9:position_fallback:-1.214:(7, 18, 22, 26)|0:template_scan:-1.185:(51, 28, 13, 13)|6:component:0.822:(86, 23, 18, 22)|0:component:0.929:(116, 21, 9, 10)"
captcha_172.jpg,3717,9747,0,"9:template_scan:0.520:(4, 10, 30, 38)|7:template_scan:0.427:(44, 12, 25, 30)|4:template_scan:0.334:(79, 14, 26, 32)|7:template_scan:-0.542:(122, 28, 14, 15)"
captcha_173.jpg,6393,6993,0,"6:template_scan:0.517:(4, 11, 26, 29)|9:template_scan:0.741:(38, 14, 33, 40)|9:component:0.719:(78, 6, 28, 30)|3:component:0.285:(128, 29, 22, 31)"
captcha_174.jpg,8421,8421,1,"8:component:0.781:(6, 19, 18, 20)|4:component:0.901:(46, 23, 21, 25)|2:component:0.561:(83, 10, 12, 19)|1:component:-0.914:(132, 41, 4, 10)"
captcha_175.jpg,5665,5665,1,"5:template_scan:-0.845:(6, 30, 14, 15)|6:component:0.990:(42, 18, 26, 28)|6:component:0.967:(81, 22, 23, 24)|5:component:0.607:(134, 14, 12, 10)"
captcha_176.jpg,1035,1935,0,"1:component:0.646:(26, 47, 7, 10)|9:slot_scan:-0.314:(45, 10, 22, 25)|3:template_scan:0.803:(82, 17, 24, 32)|5:template_scan:0.748:(130, 22, 15, 15)"
captcha_177.jpg,9806,9806,1,"9:component:0.854:(0, 0, 29, 37)|8:component:0.682:(48, 20, 25, 30)|0:component:0.201:(93, 52, 6, 8)|6:component:0.483:(123, 18, 12, 18)"
captcha_178.jpg,5479,1419,0,"1:template_scan:-1.478:(14, 38, 12, 14)|4:component:0.589:(46, 25, 24, 35)|1:template_scan:0.446:(86, 23, 12, 15)|9:component:0.975:(125, 25, 19, 24)"
captcha_179.jpg,4878,4878,1,"4:component:0.927:(14, 31, 20, 24)|8:component:0.917:(50, 29, 18, 20)|7:component:0.161:(79, 4, 40, 36)|8:component:0.975:(121, 11, 29, 32)"
captcha_180.jpg,8044,8944,0,"8:component:0.853:(12, 15, 26, 32)|9:template_scan:-1.206:(38, 14, 33, 40)|4:slot_scan:0.785:(82, 29, 22, 26)|4:component:0.964:(120, 29, 15, 20)"
captcha_181.jpg,5206,1206,0,"1:component:-1.441:(24, 24, 13, 13)|2:template_scan:0.156:(44, 12, 25, 30)|0:component:0.467:(100, 33, 7, 8)|6:slot_scan:0.701:(120, 33, 23, 27)"
captcha_182.jpg,7207,7207,1,"7:template_scan:0.636:(4, 10, 30, 38)|2:component:0.987:(41, 21, 26, 30)|0:component:0.943:(95, 26, 9, 13)|7:component:-0.010:(119, 11, 27, 26)"
captcha_183.jpg,7646,7646,1,"7:slot_scan:0.701:(7, 28, 22, 26)|6:component:0.659:(37, 12, 27, 25)|4:component:0.920:(82, 30, 18, 22)|6:template_scan:0.077:(120, 16, 24, 30)"
captcha_184.jpg,2423,2423,1,"2:component:0.907:(13, 15, 14, 19)|4:template_scan:0.729:(44, 14, 24, 27)|2:slot_scan:0.583:(82, 9, 22, 26)|3:component:0.904:(123, 24, 17, 23)"
captcha_185.jpg,4147,4144,0,"4:component:0.941:(0, 11, 39, 42)|1:component:-0.060:(45, 40, 4, 10)|4:template_scan:-0.344:(80, 18, 28, 32)|4:slot_scan:-0.022:(120, 8, 23, 27)"
captcha_186.jpg,2987,2987,1,"2:template_scan:0.718:(7, 13, 24, 29)|9:component:0.912:(51, 22, 17, 22)|8:component:0.958:(88, 28, 20, 22)|7:template_scan:-0.044:(119, 14, 27, 30)"
captcha_187.jpg,2499,2499,1,"2:slot_scan:0.706:(7, 8, 22, 26)|4:component:0.983:(45, 31, 17, 20)|9:template_scan:0.516:(80, 18, 28, 32)|9:component:0.933:(125, 25, 14, 19)"
captcha_188.jpg,3367,3967,0,"3:component:0.963:(10, 10, 16, 22)|9:component:0.574:(52, 12, 22, 34)|6:component:0.950:(80, 7, 28, 32)|7:template_scan:0.507:(117, 18, 26, 28)"
captcha_189.jpg,6298,6298,1,"6:component:0.842:(6, 7, 20, 22)|2:component:0.753:(44, 26, 22, 30)|9:component:0.958:(83, 14, 16, 21)|8:component:0.960:(117, 17, 28, 31)"
captcha_190.jpg,9370,9370,1,"9:component:0.989:(7, 0, 25, 38)|3:component:0.217:(47, 32, 13, 19)|7:template_scan:0.697:(81, 16, 25, 29)|0:component:0.021:(112, 49, 12, 11)"
captcha_191.jpg,3487,3487,1,"3:component:0.847:(7, 20, 18, 28)|4:component:0.990:(45, 14, 20, 23)|8:slot_scan:0.811:(82, 9, 22, 26)|7:template_scan:0.695:(119, 14, 27, 30)"
captcha_192.jpg,3411,3411,1,"3:component:0.633:(15, 17, 19, 27)|4:component:0.979:(47, 15, 15, 20)|1:component:0.043:(89, 19, 4, 10)|1:component:0.188:(127, 22, 10, 10)"
captcha_193.jpg,5901,5901,1,"5:template_scan:0.658:(14, 38, 12, 14)|9:component:0.951:(40, 6, 28, 35)|0:component:0.336:(81, 48, 9, 12)|1:component:-1.165:(118, 27, 6, 12)"
captcha_194.jpg,5089,5089,1,"5:template_scan:-1.078:(6, 30, 14, 15)|0:component:0.586:(60, 47, 8, 11)|8:component:0.937:(85, 7, 23, 27)|9:component:0.884:(121, 8, 29, 39)"
captcha_195.jpg,9940,9900,0,"9:component:0.735:(5, 5, 24, 38)|9:component:0.756:(41, 29, 21, 23)|0:component:-1.227:(76, 16, 11, 10)|0:component:0.935:(133, 12, 12, 14)"
captcha_196.jpg,7893,7891,0,"7:component:0.524:(0, 11, 30, 27)|8:slot_scan:0.775:(45, 35, 22, 25)|9:template_scan:-0.551:(78, 14, 27, 28)|1:component:-0.661:(140, 38, 5, 8)"
captcha_197.jpg,2564,2464,0,"2:slot_scan:0.869:(7, 8, 22, 26)|4:template_scan:-0.897:(51, 28, 13, 13)|6:component:0.962:(84, 8, 24, 26)|4:component:0.993:(123, 22, 15, 20)"
captcha_198.jpg,4594,4594,1,"4:template_scan:0.699:(4, 10, 30, 38)|5:component:-1.537:(55, 27, 8, 10)|9:component:0.899:(91, 31, 16, 26)|4:component:0.871:(120, 5, 22, 26)"
captcha_199.jpg,4970,4941,0,"4:component:0.962:(5, 29, 15, 17)|9:position_fallback:0.413:(45, 20, 22, 25)|4:template_scan:0.073:(78, 14, 27, 28)|1:template_scan:-1.129:(122, 28, 14, 15)"
captcha_200.jpg,9533,9533,1,"9:component:0.363:(11, 22, 27, 38)|5:component:-1.565:(47, 46, 14, 10)|3:component:0.429:(84, 11, 15, 22)|3:component:0.934:(122, 22, 13, 19)"
